priceid,date,oil_brent,oil_dubai,coffee_arabica,coffee_robustas,tea_columbo,tea_kolkata,tea_mombasa,sugar_eu,sugar_us,sugar_world
1,1970-01-01,1.21,1.21,1.1369,0.8619865,0.6266412,0.9906667,0.8875996,0.112215158,0.1653465,0.0791
2,1970-02-01,1.21,1.21,1.1453,0.8474364,0.6266412,0.9906667,0.8875996,0.112215158,0.16314188,0.069
3,1970-03-01,1.21,1.21,1.1711,0.8679388,0.6266412,0.9906667,0.8875996,0.112215158,0.16093726,0.0745
4,1970-04-01,1.21,1.21,1.2028,0.9129121,0.6266412,0.9906667,0.8875996,0.112215158,0.16093726,0.0787
5,1970-05-01,1.21,1.21,1.217,0.9400282,0.6266412,0.9906667,0.8875996,0.112215158,0.16755112,0.0805
6,1970-06-01,1.21,1.21,1.2061,0.9298873,0.6266412,0.9906667,0.8875996,0.112215158,0.16755112,0.0842
7,1970-07-01,1.21,1.21,1.2121,0.9424534,0.6266412,0.9906667,0.8875996,0.112215158,0.16755112,0.0842
8,1970-08-01,1.21,1.21,1.1828,0.9446578,0.6266412,0.9906667,0.8875996,0.112215158,0.16755112,0.0841
9,1970-09-01,1.21,1.21,1.1603,0.9387055,0.6266412,0.9906667,0.8875996,0.112215158,0.16755112,0.0853
10,1970-10-01,1.21,1.21,1.1197,0.9415715,0.6266412,0.9906667,0.8875996,0.112215158,0.16755112,0.0866
11,1970-11-01,1.21,1.21,1.0278,0.9159985,0.6266412,0.9906667,0.8875996,0.112215158,0.16314188,0.0901
12,1970-12-01,1.21,1.21,0.9775,0.9190849,0.6266412,0.9906667,0.8875996,0.112215158,0.1653465,0.0906
13,1971-01-01,1.64,1.64,1.0031,0.9298873,0.6383995,0.7991994,0.9015996,0.112215158,0.16975574,0.104
14,1971-02-01,1.64,1.64,0.9833,0.9296668,0.6695995,0.7631994,0.9015996,0.112215158,0.17416498,0.1063
15,1971-03-01,1.64,1.64,1.0143,0.9406896,0.7031994,0.6647995,0.9015996,0.112215158,0.17196036,0.1034
16,1971-04-01,1.64,1.64,0.9894,0.9400282,0.6455995,1.540799,0.9015996,0.112215158,0.16975574,0.1005
17,1971-05-01,1.64,1.64,1.0183,0.9400282,0.6551995,1.185599,0.9015996,0.112215158,0.17416498,0.0961
18,1971-06-01,1.64,1.64,1.0022,0.9340759,0.6359995,1.022399,0.9015996,0.112215158,0.1763696,0.0915
19,1971-07-01,1.74,1.74,0.9927,0.928344,0.6335995,1.187999,0.9015996,0.112215158,0.1763696,0.092
20,1971-08-01,1.74,1.74,1.0051,0.9298873,0.7128694,0.9732005,0.9015996,0.113758392,0.17857422,0.0937
21,1971-09-01,1.74,1.74,0.9645,0.9243758,0.7260927,0.9360174,0.9015996,0.115522088,0.17416498,0.0879
22,1971-10-01,1.74,1.74,0.9431,0.9190849,0.7049534,0.9366164,0.9015996,0.116403936,0.17416498,0.0928
23,1971-11-01,1.74,1.74,0.9658,0.9254781,0.6930543,0.8675643,0.9015996,0.116624398,0.1763696,0.0935
24,1971-12-01,1.74,1.74,1.0207,0.9373828,0.7022277,0.8083196,0.9015996,0.118167632,0.18298346,0.1275
25,1972-01-01,1.77,1.77,0.9905,0.9296668,0.7460141,0.8041081,0.8105997,0.1543234,0.19180194,0.1741
26,1972-02-01,1.77,1.77,0.9996,0.930769,0.782494,0.7839261,0.8105997,0.156087096,0.1873927,0.181
27,1972-03-01,1.77,1.77,1.0192,0.949508,0.8244459,0.7530807,0.8105997,0.157189406,0.18959732,0.185
28,1972-04-01,1.77,1.77,1.0115,0.9627353,0.809854,0.8214722,0.8105997,0.15652802,0.18518808,0.156
29,1972-05-01,1.77,1.77,1.0377,0.9647195,0.802558,0.9598383,0.8105997,0.15652802,0.17857422,0.1462
30,1972-06-01,1.77,1.77,1.0697,0.9625149,0.7350701,1.053885,0.8105997,0.154543862,0.18077884,0.1395
31,1972-07-01,1.87,1.87,1.2361,1.043863,0.5455723,1.007215,0.8105997,0.146386768,0.1873927,0.1225
32,1972-08-01,1.87,1.87,1.2009,1.040557,0.6359375,0.8693136,0.8105997,0.146827692,0.19400656,0.1378
33,1972-09-01,1.87,1.87,1.1687,1.034604,0.69375,0.7644187,0.8105997,0.146386768,0.19400656,0.1558
34,1972-10-01,1.87,1.87,1.1779,1.036809,0.632931,0.7768683,0.8105997,0.143741224,0.19400656,0.1633
35,1972-11-01,1.87,1.87,1.1859,1.044304,0.5837871,0.7353197,0.8105997,0.14109568,0.18518808,0.1604
36,1972-12-01,1.87,1.87,1.2174,1.052902,0.6031651,0.7084,0.8105997,0.140654756,0.18959732,0.2017
37,1973-01-01,2.08,2.08,1.278,1.054005,0.6023916,0.7253865,0.8203997,0.141316142,0.206793356,0.2072
38,1973-02-01,2.08,2.08,1.4542,1.091923,0.6574131,0.7098448,0.8203997,0.14550492,0.201502268,0.1979
39,1973-03-01,2.08,2.08,1.4193,1.10978,0.6958561,0.6855978,0.8203997,0.148591388,0.208116128,0.1933
40,1973-04-01,2.35,2.35,1.291,1.077593,0.6926475,0.8993512,0.8203997,0.14881185,0.21274583,0.1982
41,1973-05-01,2.35,2.35,1.4151,1.074507,0.6361446,0.9647718,0.8203997,0.151677856,0.221784772,0.2001
42,1973-06-01,2.35,2.35,1.4147,1.077593,0.6047198,1.076973,0.8492754,0.154543862,0.22597355,0.2067
43,1973-07-01,2.7,2.7,1.3567,1.058193,0.6309969,1.13515,0.8492754,0.152339242,0.22597355,0.2098
44,1973-08-01,2.7,2.7,1.3307,1.044966,0.7366071,0.972896,0.8492754,0.148591388,0.23699665,0.1977
45,1973-09-01,2.7,2.7,1.3272,1.104489,0.7370892,0.8437009,0.8492754,0.145284458,0.241846814,0.1977
46,1973-10-01,4.1,4.1,1.3779,1.146376,0.6696567,0.8525465,0.8492754,0.14550492,0.24581513,0.2096
47,1973-11-01,4.1,4.1,1.3931,1.168422,0.6302457,0.7925398,0.8492754,0.1433003,0.24471282,0.2235
48,1973-12-01,4.1,4.1,1.4235,1.190467,0.6453541,0.7323374,0.8492754,0.139111522,0.250003908,0.2612
49,1974-01-01,13.0,13.0,1.5304,1.226622,0.6764275,0.7105354,1.1368,0.18188115,0.278443506,0.3342
50,1974-02-01,13.0,13.0,1.6466,1.334867,0.6921172,0.7952024,1.1368,0.186069928,0.376769558,0.465
51,1974-03-01,13.0,13.0,1.5754,1.382706,0.8626103,0.8311096,1.1368,0.191140554,0.399256682,0.4652
52,1974-04-01,10.59999847412,10.59999847412,1.5498,1.411586,0.8622277,1.464217,1.1368,0.195329332,0.424168888,0.4762
53,1974-05-01,10.59999847412,10.59999847412,1.5657,1.422608,0.8406738,1.296882,1.1368,0.19731349,0.507944448,0.521
54,1974-06-01,10.59999847412,10.59999847412,1.5898,1.362424,0.9076923,1.52586,1.1368,0.195549794,0.57871275,0.5183
55,1974-07-01,10.0,10.0,1.5232,1.303562,0.9263513,1.853248,1.1368,0.195329332,0.62500977,0.5518
56,1974-08-01,10.0,10.0,1.379,1.234779,0.9663738,1.448293,1.1368,0.19180194,0.718926582,0.6753
57,1974-09-01,10.0,10.0,1.2039,1.188704,0.9606205,1.263735,1.1368,0.319008514,0.743177402,0.7529
58,1974-10-01,10.29999923706,10.29999923706,1.2518,1.21119,0.9605361,1.227041,1.1368,0.321433596,0.855833484,0.8708
59,1974-11-01,10.29999923706,10.29999923706,1.3069,1.227063,0.9980577,1.265237,1.1368,0.32077221,1.26324726,1.2377
60,1974-12-01,10.29999923706,10.29999923706,1.2959,1.216481,1.024951,1.374181,1.1368,0.32077221,1.028234768,0.9894
61,1975-01-01,10.42000007629,10.42000007629,1.2311,1.197522,1.018491,1.285751,1.1242,0.604727266,0.88515493,0.8445
62,1975-02-01,10.42000007629,10.42000007629,1.1788,1.154974,1.064124,1.193996,1.1242,0.330031614,0.795206434,0.7491
63,1975-03-01,10.42000007629,10.42000007629,1.1034,1.094348,1.032988,1.130917,1.1242,0.33399993,0.628757624,0.582
64,1975-04-01,10.42000007629,10.42000007629,1.0503,1.0809,0.9577421,2.031931,1.1242,0.328929304,0.574744434,0.528
65,1975-05-01,10.42000007629,10.42000007629,1.121,1.047611,0.9003745,1.499189,1.1242,0.332456696,0.424830274,0.3909
66,1975-06-01,10.42000007629,10.42000007629,1.233,1.087734,0.8458949,1.700853,1.1242,0.332456696,0.351857352,0.3009
67,1975-07-01,10.43000030518,10.43000030518,1.4478,1.293641,0.8252288,1.732839,1.1242,0.316583432,0.438498918,0.368
68,1975-08-01,10.43000030518,10.43000030518,1.8404,1.69862,0.8585998,1.534951,1.1242,0.305119408,0.465395282,0.4102
69,1975-09-01,10.43000030518,10.43000030518,1.7831,1.677677,0.7955002,1.399848,1.1242,0.29982832,0.382722032,0.3417
70,1975-10-01,10.46000003815,10.46000003815,1.7723,1.610879,0.7523885,1.399619,1.08548,0.301812478,0.34061379,0.3101
71,1975-11-01,10.46000003815,10.46000003815,1.709,1.574283,0.7567781,1.266744,0.9805777,0.301371554,0.331354386,0.2969
72,1975-12-01,10.46000003815,10.46000003815,1.8353,1.632043,0.7688305,1.20636,0.9738197,0.2976237,0.32628376,0.2908
73,1976-01-01,11.51000022888,11.51000022888,2.047,1.744476,0.8582912,1.214003,1.233625,0.297403238,0.339952404,0.3091
74,1976-02-01,11.51000022888,11.51000022888,2.1874,1.822297,0.8180993,1.18826,1.231235,0.295639542,0.331574848,0.2976
75,1976-03-01,11.51000022888,11.51000022888,2.1958,1.815904,0.8459291,1.14857,1.219025,0.288584758,0.358691674,0.3261
76,1976-04-01,11.51000022888,11.51000022888,2.7002,2.376305,0.8870181,1.709011,1.212519,0.2976237,0.343479796,0.3097
77,1976-05-01,11.51000022888,11.51000022888,2.9864,2.681638,0.8645025,1.338079,1.209206,0.295639542,0.352077814,0.3206
78,1976-06-01,11.51000022888,11.51000022888,3.2977,2.867263,0.8578686,1.581827,1.203978,0.29321446,0.31746528,0.2864
79,1976-07-01,11.60000038147,11.60000038147,3.0256,2.78415,0.9470046,1.629308,1.205885,0.292993998,0.321654058,0.2912
80,1976-08-01,11.60000038147,11.60000038147,3.3848,2.915763,1.031106,1.469708,1.208915,0.293875846,0.249562984,0.2209
81,1976-09-01,11.60000038147,11.60000038147,3.5133,3.022024,1.005054,1.412062,1.214363,0.295639542,0.21605276,0.1792
82,1976-10-01,11.89999961853,11.89999961853,3.8215,3.34874,1.023298,1.419293,1.216071,0.295860004,0.23479203,0.177
83,1976-11-01,11.89999961853,11.89999961853,4.0342,3.885773,0.983945,1.429579,1.215296,0.29652139,0.230603252,0.1737
84,1976-12-01,11.89999961853,11.89999961853,4.566,4.496439,1.008692,1.478905,1.216245,0.299607858,0.225312164,0.1664
85,1977-01-01,12.5,12.5,4.8272,4.767601,1.155074,1.551216,2.082884,0.299387396,0.24140589,0.1839
86,1977-02-01,12.5,12.5,5.4119,5.431397,1.695557,1.90513,2.078425,0.298285086,0.243830972,0.1894
87,1977-03-01,12.5,12.5,6.7058,6.747966,2.423106,2.057485,2.082011,0.299166934,0.257279154,0.198
88,1977-04-01,12.44999980927,12.44999980927,7.0036,6.883547,3.55888,2.978849,2.087888,0.300489706,0.277120734,0.2213
89,1977-05-01,12.44999980927,12.44999980927,6.2889,5.942636,2.2605,2.248183,2.089922,0.307764952,0.250003908,0.1986
90,1977-06-01,12.44999980927,12.44999980927,5.7781,4.938676,1.631897,2.550806,2.090701,0.307764952,0.226634936,0.1735
91,1977-07-01,12.63000011444,12.63000011444,4.8488,4.331758,1.618172,2.434384,2.110222,0.31305604,0.22376893,0.1629
92,1977-08-01,12.63000011444,12.63000011444,4.396,4.482551,1.550663,2.130281,2.099059,0.311512806,0.247137902,0.1678
93,1977-09-01,12.63000011444,12.63000011444,4.1778,4.442207,1.349386,1.989215,2.089118,0.310190034,0.229500942,0.1612
94,1977-10-01,12.68000030518,12.68000030518,3.7703,3.834407,1.358385,1.849116,2.106743,0.314599274,0.225753088,0.1563
95,1977-11-01,12.68000030518,12.68000030518,4.3466,3.675237,0.9689543,1.536436,2.127061,0.317906204,0.229721404,0.1559
96,1977-12-01,12.68000030518,12.68000030518,4.4714,3.716242,0.7794351,1.577477,2.157524,0.326945146,0.25904285,0.1784
97,1978-01-01,12.65999984741,12.65999984741,4.545,3.904953,0.7810781,1.736875,1.560419,0.33399993,0.292773536,0.1933
98,1978-02-01,12.65999984741,12.65999984741,4.3561,3.848296,0.9166232,1.725475,1.565298,0.336425012,0.32518145,0.187
99,1978-03-01,12.65999984741,12.65999984741,3.8576,3.475283,0.8489283,1.64633,1.580495,0.343479796,0.3086468,0.1706
100,1978-04-01,12.68000030518,12.68000030518,3.9368,3.192216,0.7104277,3.081241,1.585498,0.343479796,0.307103566,0.1673
101,1978-05-01,12.69999980927,12.69999980927,3.7397,3.000198,0.6708622,1.843189,1.564251,0.332677158,0.300269244,0.1616
102,1978-06-01,12.72999954224,12.72999954224,3.7148,3.331985,0.617284,1.856672,1.579556,0.336425012,0.299166934,0.1594
103,1978-07-01,12.77000045776,12.77000045776,2.9498,2.789726,0.6606127,2.017642,1.605483,0.349873194,0.278443506,0.1418
104,1978-08-01,12.78999996185,12.78999996185,3.0472,2.831835,0.734315,1.820116,1.633347,0.357589364,0.292993998,0.1561
105,1978-09-01,12.80000019073,12.80000019073,3.4244,3.238587,0.7284557,1.724461,1.636901,0.361337218,0.317685742,0.1801
106,1978-10-01,12.85000038147,12.85000038147,3.3964,3.309576,0.8175819,1.730279,1.677016,0.379856026,0.346345802,0.1975
107,1978-11-01,13.19999980927,13.19999980927,3.2223,3.180385,0.7581204,1.69279,1.656265,0.367951078,0.313937888,0.1766
108,1978-12-01,14.5,14.5,2.8898,2.911862,0.7035919,1.624353,1.64905,0.371258008,0.31415835,0.1764
109,1979-01-01,18.95000076294,15.94999980927,2.8349,2.9377,0.7077935,1.593796,1.632357,0.377651406,0.322535906,0.1669
110,1979-02-01,22.0,19.5,2.7119,2.9211,0.6953493,1.528214,1.624569,0.37588771,0.337527322,0.1814
111,1979-03-01,23.25,20.79999923706,2.8735,2.9809,0.6664514,1.497442,1.624121,0.37588771,0.342377486,0.1865
112,1979-04-01,23.64999961853,21.20000076294,3.0563,3.1262,0.6247182,3.957038,1.617747,0.371919394,0.315040198,0.1724
113,1979-05-01,32.75,34.25,3.3023,3.2558,0.5221966,2.186726,1.603823,0.367730616,0.315922046,0.1731
114,1979-06-01,36.5,32.84999847412,4.2589,4.1621,0.4341979,1.958042,1.61014,0.372139856,0.322094982,0.1795
115,1979-07-01,35.0,32.0,4.4899,4.3241,0.6540679,1.969119,1.643398,0.473552376,0.343700258,0.1878
116,1979-08-01,35.75,32.25,4.353,4.0111,0.9279077,2.117973,1.64065,0.472009142,0.348770884,0.1956
117,1979-09-01,36.5,34.5,4.5717,4.2293,0.9617354,2.073792,1.645043,0.477079768,0.346566264,0.2182
118,1979-10-01,38.5,36.0,4.6207,4.064,0.9641627,2.10505,1.641304,0.47509561,0.350755042,0.262
119,1979-11-01,42.0,39.5,4.5574,3.909,0.9223581,2.198167,1.631778,0.476859306,0.359132598,0.303
120,1979-12-01,40.5,39.0,4.2831,3.902,1.313053,2.044681,1.655072,0.487882406,0.40344546,0.329
121,1980-01-01,40.0,38.0,3.8078,3.5713,1.185947,2.030021,1.842562,0.49273257,0.433428292,0.381
122,1980-02-01,38.5,36.0,3.7102,3.5521,1.174774,2.031631,1.833181,0.488102868,0.544320678,0.5
123,1980-03-01,38.25,35.75,4.1173,3.7225,1.141416,1.985558,1.785539,0.463411124,0.466938516,0.433
124,1980-04-01,38.15000152588,35.0,4.0528,3.6464,1.129668,2.001024,1.770072,0.45966327,0.499787354,0.468
125,1980-05-01,38.5,35.59999847412,4.2315,3.8848,1.145053,2.044681,1.820741,0.478623002,0.703053318,0.6816
126,1980-06-01,38.0,36.0,4.0503,3.7613,1.142911,2.056925,1.842414,0.485677786,0.70768302,0.679
127,1980-07-01,37.40000152588,33.34999847412,3.5164,3.2809,1.139642,2.079158,1.853153,0.51698339,0.63382825,0.609
128,1980-08-01,33.59999847412,32.29999923706,3.1001,2.9496,1.108826,2.074163,1.832137,0.5070626,0.730611068,0.7028
129,1980-09-01,33.40000152588,32.25,2.8559,2.7567,1.080715,2.085278,1.839851,0.507723986,0.772278386,0.7649
130,1980-10-01,37.90000152588,36.79999923706,2.8373,2.7242,1.052541,2.089467,1.826895,0.49714181,0.91932654,0.894
131,1980-11-01,40.84999847412,39.75,2.5986,2.5183,1.020829,2.073679,1.790078,0.479284388,0.865974736,0.833
132,1980-12-01,40.15000152588,39.34999847412,2.7172,2.5505,1.014052,2.040654,1.768901,0.46627713,0.667779398,0.633
133,1981-01-01,40.29999923706,39.25,2.8894,2.6283,1.088045,1.971751,1.914596,0.461647428,0.651906134,0.616
134,1981-02-01,38.70000076294,37.09999847412,2.8517,2.4886,1.22602,1.913808,1.772023,0.432987368,0.574744434,0.532
135,1981-03-01,38.34999847412,36.84999847412,2.8574,2.4723,1.224591,1.907233,1.682747,0.432766906,0.524920022,0.4966
136,1981-04-01,37.18999862671,35.54999923706,2.8887,2.4507,1.085859,1.897991,1.740367,0.421523344,0.438939842,0.3931
137,1981-05-01,35.18999862671,33.38000106812,2.8329,2.3477,0.9864128,1.866203,1.69309,0.397272524,0.384265266,0.3305
138,1981-06-01,33.25,32.16999816895,2.5104,1.8583,0.8991826,1.823763,1.661166,0.38250157,0.41777549,0.361
139,1981-07-01,35.06000137329,31.95999908447,2.6691,1.9357,0.845695,1.765508,1.631712,0.40234315,0.42108242,0.3602
140,1981-08-01,35.79999923706,32.16999816895,2.782,1.9786,0.8233915,1.741548,1.610313,0.392201898,0.384044804,0.33
141,1981-09-01,35.90999984741,32.06000137329,2.8038,1.9703,1.031127,1.7226,1.538283,0.411602554,0.341495638,0.2568
142,1981-10-01,36.54000091553,32.68000030518,3.0225,2.1656,0.737933,1.710229,1.406615,0.422846116,0.345243492,0.2655
143,1981-11-01,37.11999893188,34.24000167847,3.1804,2.3135,0.8342879,1.718841,1.419635,0.42769628,0.358912136,0.2622
144,1981-12-01,36.70000076294,34.11999893188,3.1343,2.273,0.8967299,1.717589,1.419967,0.421964268,0.376328634,0.2851
145,1982-01-01,35.84999847412,34.0,3.1786,2.3076,0.9501384,1.91252,1.725786,0.41557087,0.400358992,0.2862
146,1982-02-01,31.62000083923,30.39999961853,3.4046,2.5168,0.9857177,1.899607,1.695993,0.402122688,0.391760974,0.2884
147,1982-03-01,29.29999923706,28.60000038147,3.2196,2.4685,1.02176,1.881284,1.680917,0.394406518,0.377651406,0.2484
148,1982-04-01,33.11999893188,30.87999916077,3.1224,2.3455,1.054616,1.864707,1.667133,0.388674506,0.394406518,0.2103
149,1982-05-01,35.18000030518,33.34999847412,3.0333,2.2822,1.06383,1.881284,1.696492,0.40234315,0.431444134,0.1792
150,1982-06-01,34.59999847412,32.65000152588,3.1004,2.2408,0.9898171,1.850921,1.648676,0.380737874,0.463631586,0.151
151,1982-07-01,33.70000076294,31.70000076294,2.9434,2.1678,1.092933,1.829808,1.631978,0.408516086,0.48832333,0.1726
152,1982-08-01,32.84999847412,31.20000076294,2.9308,2.2478,1.272562,1.826491,1.623306,0.405870542,0.49493719,0.149
153,1982-09-01,34.25,33.04999923706,3.0042,2.4092,1.468605,1.814103,1.615776,0.40124084,0.460324656,0.13
154,1982-10-01,35.0,33.40000152588,3.0955,2.5856,1.300871,1.805377,1.602173,0.396611138,0.450624328,0.1302
155,1982-11-01,33.79999923706,31.75,3.045,2.6943,1.30137,1.788799,1.593473,0.390438202,0.458340498,0.1433
156,1982-12-01,31.75,30.10000038147,2.9729,2.8177,1.237425,1.801887,1.480788,0.406972852,0.459222346,0.1391
157,1983-01-01,30.85000038147,30.04999923706,2.8651,2.745,1.3767,1.915126,1.99333,0.41005932,0.468040826,0.1327
158,1983-02-01,29.10000038147,29.0,2.7983,2.6846,1.500712,1.991129,1.973322,0.40234315,0.479725312,0.1417
159,1983-03-01,28.20000076294,28.10000038147,2.7567,2.6727,1.703072,1.971091,1.966357,0.400358992,0.481929932,0.1367
160,1983-04-01,29.75,28.70000076294,2.7505,2.6727,1.783179,2.404277,1.96009,0.394186056,0.494496266,0.1479
161,1983-05-01,29.60000038147,28.5,2.8323,2.7152,1.954458,2.469482,1.961328,0.392201898,0.49824412,0.2036
162,1983-06-01,30.20000076294,28.75,2.8071,2.6511,2.014835,2.643176,1.931627,0.38029695,0.496921348,0.2368
163,1983-07-01,30.79999923706,29.0,2.8294,2.6469,1.654375,2.503793,1.888052,0.38911543,0.487000558,0.2321
164,1983-08-01,31.10000038147,28.89999961853,2.8559,2.6526,1.844296,2.641153,1.85834,0.37809233,0.49714181,0.2328
165,1983-09-01,30.35000038147,28.60000038147,2.9169,2.6877,1.908979,2.703047,1.855563,0.377651406,0.48942564,0.2079
166,1983-10-01,29.85000038147,28.60000038147,3.1026,2.8726,1.926339,2.868768,1.880591,0.384044804,0.483693628,0.2147
167,1983-11-01,29.20000076294,28.29999923706,3.187,2.8515,2.22665,3.099577,1.859032,0.373903552,0.48060716,0.1836
168,1983-12-01,28.95000076294,28.25,3.2333,2.9271,2.392263,3.029898,1.841565,0.364644148,0.473331914,0.1702
169,1984-01-01,29.55999946594,27.72999954224,3.1683,2.9306,2.841424,3.469254,2.902559,0.356707516,0.474213762,0.1536
170,1984-02-01,29.87999916077,27.64999961853,3.2168,3.0049,2.645103,2.544626,2.930639,0.367730616,0.482370856,0.1462
171,1984-03-01,30.07999992371,27.79000091553,3.2699,3.0433,2.665368,2.626291,3.077708,0.38139926,0.485677786,0.1415
172,1984-04-01,30.12999916077,27.95999908447,3.3116,3.0325,2.726983,3.350872,2.93735,0.374564938,0.485898248,0.1325
173,1984-05-01,29.89999961853,28.03000068665,3.3124,3.2293,2.527433,3.055581,2.857042,0.361116756,0.485236862,0.1241
174,1984-06-01,29.20000076294,27.90999984741,3.2474,3.165,2.196615,3.088475,2.829911,0.36155768,0.486339172,0.1217
175,1984-07-01,27.90999984741,27.26000022888,3.1771,3.0402,2.136993,3.194885,2.763153,0.356927978,0.482591318,0.1001
176,1984-08-01,28.11000061035,27.22999954224,3.2121,3.099,2.26003,3.096596,2.74489,0.355164282,0.478843464,0.089
177,1984-09-01,28.36000061035,27.39999961853,3.1356,3.1189,2.534094,2.713126,2.717114,0.340393328,0.47840254,0.0904
178,1984-10-01,27.80999946594,27.11000061035,3.0175,2.9787,2.508304,2.798013,2.691596,0.440042152,0.47509561,0.1025
179,1984-11-01,27.70000076294,27.09000015259,3.0911,2.9998,2.511128,2.40586,2.671047,0.335763626,0.471568218,0.0961
180,1984-12-01,26.97999954224,26.76000022888,3.1041,2.7992,2.45067,2.631579,2.593127,0.320992672,0.46517482,0.0783
181,1985-01-01,26.95,27.3,3.2053,2.7675,2.313555,2.361287,1.634845,0.305119408,0.456797264,0.0796
182,1985-02-01,28.2,27.25,3.1764,2.7011,2.125491,2.086103,1.596549,0.295639542,0.451506176,0.0816
183,1985-03-01,28.1,27.15,3.2602,2.7079,1.728791,1.85431,1.582661,0.302914788,0.461206504,0.0844
184,1985-04-01,27.9,26.65,3.1189,2.702,1.606155,2.233881,1.623744,0.335763626,0.462308814,0.0754
185,1985-05-01,26.65,25.65,3.1458,2.6685,1.398642,2.302726,1.613053,0.337527322,0.464954358,0.0622
186,1985-06-01,26.45,25.45,3.1281,2.6497,1.15609,2.360777,1.616601,0.346345802,0.468922674,0.0613
187,1985-07-01,26.6,25.7,2.9778,2.3433,1.247392,2.573542,1.599966,0.373242166,0.468040826,0.0708
188,1985-08-01,27.15,26.3,2.9427,2.3466,1.270601,2.392124,1.536405,0.374124014,0.453931258,0.0968
189,1985-09-01,27.15,26.15,2.9427,2.2941,1.243525,2.158344,1.511351,0.368832926,0.430121362,0.1129
190,1985-10-01,27.9,26.7,3.0979,2.4544,1.152513,1.972897,1.566252,0.38470619,0.411823016,0.1105
191,1985-11-01,29.05,26.9,3.4315,2.7816,1.09977,2.014728,1.587215,0.389335892,0.416452718,0.1208
192,1985-12-01,25.85,26.3,4.3422,3.3669,1.137707,2.128289,1.593409,0.391099588,0.438498918,0.1173
193,1986-01-01,25.75,25.4,5.2441,3.7516,1.096164,1.80611,1.696566,0.395288366,0.452828948,0.1067
194,1986-02-01,17.55,14.8,5.0307,3.5721,1.136248,1.710037,1.71618,0.396390676,0.456797264,0.1235
195,1986-03-01,13.85,11.45,5.2823,3.7229,1.141295,1.595866,1.711556,0.40675239,0.457017726,0.1533
196,1986-04-01,12.5,10.3,4.9833,3.4703,1.050301,1.793921,1.697564,0.415791332,0.452828948,0.1837
197,1986-05-01,14.2,11.5,4.6592,3.1416,0.9781168,2.333387,1.700733,0.423066578,0.460545118,0.1691
198,1986-06-01,11.85,10.2,3.9039,2.7602,0.8951004,2.296226,1.684884,0.418657338,0.462088352,0.1401
199,1986-07-01,9.45,7.85,3.7988,2.7761,0.914082,2.485415,1.717531,0.425050736,0.462308814,0.1224
200,1986-08-01,13.65,12.15,3.8345,2.9751,1.055938,2.363044,1.726126,0.418657338,0.462088352,0.1228
201,1986-09-01,14.2,13.1,4.4011,3.6062,1.028959,2.355955,1.718885,0.414689022,0.460104194,0.1032
202,1986-10-01,13.8,13.15,3.9152,3.2808,1.091428,2.477828,1.715457,0.402122688,0.464733896,0.1188
203,1986-11-01,14.55,13.55,3.4545,3.1337,1.405932,2.428964,1.694221,0.401020378,0.466938516,0.131
204,1986-12-01,15.9,14.9,3.0034,2.7465,1.508766,2.30886,1.707252,0.40454777,0.465395282,0.1259
205,1987-01-01,18.4,17.2,2.7234,2.4996,1.50154,2.171012,1.344455,0.42425134259,0.4739933,0.1431
206,1987-02-01,17.3,16.7,2.6645,2.4269,1.348832,2.082186,1.325942,0.42992087365,0.479725275,0.1626
207,1987-03-01,17.9,16.9,2.2877,2.157,1.425492,2.111772,1.332319,0.44845314095,0.479725275,0.1665
208,1987-04-01,18.1,16.95,2.3712,2.229,1.373472,2.476778,1.340366,0.45920640745,0.48192994546,0.1472
209,1987-05-01,18.75,17.05,2.586,2.3281,1.145697,2.525802,1.337662,0.4696300877,0.485236825,0.1484
210,1987-06-01,18.85,17.25,2.3176,2.1615,1.192028,2.447041,1.318785,0.45916133007,0.48633920228,0.142
211,1987-07-01,19.8,17.75,2.2023,2.0388,1.317017,2.5332,1.301399,0.47451639938,0.48655962727,0.1345
212,1987-08-01,18.95,17.3,2.2531,2.0845,1.444868,2.341985,1.298138,0.47019254568,0.48237087955,0.1238
213,1987-09-01,18.35,17.0,2.4365,2.1898,1.358648,2.269411,1.295532,0.48468790704,0.48237087955,0.1283
214,1987-10-01,18.8,17.05,2.6319,2.2822,1.386792,2.271231,1.270255,0.48956589287,0.47818204772,0.1466
215,1987-11-01,17.8,16.6,2.7884,2.3111,1.34024,2.23899,1.269088,0.52322540371,0.47950485,0.1616
216,1987-12-01,17.1,15.5,2.7972,2.2716,1.352861,2.064999,1.288159,0.5387140652,0.479725275,0.1829
217,1988-01-01,16.85,15.4,2.8223,2.2511,1.487373,1.845895,1.425529,0.53147225046,0.48126858637,0.2131
218,1988-02-01,15.75,15.05,3.0544,2.2702,1.574425,1.816721,1.399503,0.51768425066,0.48722098636,0.1858
219,1988-03-01,14.75,13.4,3.0104,2.1817,1.504356,1.749231,1.411131,0.53953050391,0.48854378864,0.1878
220,1988-04-01,16.6,14.95,3.0075,2.1204,1.479805,1.779899,1.410569,0.55288526474,0.48854378864,0.1883
221,1988-05-01,16.4,14.85,3.0567,2.0737,1.343664,2.284813,1.401472,0.55142626319,0.48788242955,0.1962
222,1988-06-01,15.55,13.8,3.1718,2.0608,1.335542,2.2892,1.37104,0.52520018797,0.49692136818,0.233
223,1988-07-01,14.9,13.05,3.1299,1.881,1.235329,2.372436,1.328036,0.50262588467,0.51654247273,0.3092
224,1988-08-01,14.95,13.15,2.9228,1.8001,1.229864,2.147821,1.310352,0.50036520389,0.48281181364,0.2457
225,1988-09-01,13.3,11.55,3.0391,1.9789,1.206661,1.988821,1.306623,0.49619466372,0.47994578409,0.224
226,1988-10-01,12.45,10.3,2.9502,2.0744,1.290978,2.006786,1.31439,0.5115654176,0.479284425,0.2266
227,1988-11-01,13.0,10.6,2.9848,2.0428,1.338671,1.937788,1.323594,0.53286636918,0.47840255682,0.239
228,1988-12-01,15.15,12.5,3.2546,2.2151,1.315231,1.932868,1.31165,0.53867870133,0.484795975,0.2473
229,1989-01-01,17.0,14.45,3.3563,2.2342,1.264194,1.920201,1.660717,0.53856663864,0.48237087955,0.2127
230,1989-02-01,16.65,14.6,3.0854,2.1191,1.345096,1.955809,1.649528,0.53185894033,0.48655962727,0.2324
231,1989-03-01,18.7,15.95,3.0966,2.081,1.445718,1.979456,1.620631,0.52009012936,0.48766192045,0.2544
232,1989-04-01,19.75,16.9,3.172,2.011,1.474706,2.247648,1.604711,0.5155990857,0.49163024318,0.2681
233,1989-05-01,18.35,15.65,3.0993,2.0133,1.529357,2.520002,1.537208,0.49462687937,0.49493720682,0.2641
234,1989-06-01,17.5,15.4,2.7628,1.8464,1.408907,2.266237,1.477507,0.47090125283,0.506842175,0.2787
235,1989-07-01,17.75,15.5,1.942,1.4383,1.343868,2.491181,1.489687,0.50085537828,0.51940850228,0.309
236,1989-08-01,17.1,15.0,1.7308,1.314,1.400408,2.463122,1.465933,0.49337438435,0.51962892727,0.3086
237,1989-09-01,17.8,15.6,1.7289,1.3234,1.792773,3.23968,1.431911,0.48492700215,0.5180857,0.3115
238,1989-10-01,19.0,16.15,1.5135,1.1806,1.8325,2.966303,1.421517,0.4902776276,0.51014905454,0.3184
239,1989-11-01,19.15,16.15,1.5624,1.1744,1.73075,2.585179,1.423045,0.48564020863,0.512353725,0.3312
240,1989-12-01,19.85,17.1,1.5977,1.1317,1.78325,2.494983,1.430844,0.49257779314,0.50353521136,0.2956
241,1990-01-01,20.95,17.45,1.6761,1.0907,1.891,2.642499,1.736492,0.50989553636,0.50816489318,0.313
242,1990-02-01,19.9,16.8,1.8508,1.1036,2.013,2.767321,1.618635,0.52362252192,0.50441707955,0.3229
243,1990-03-01,18.45,15.8,2.0885,1.2292,3.01675,2.606892,1.648115,0.50174145145,0.51984943637,0.3386
244,1990-04-01,16.75,14.3,2.088,1.2335,1.889,2.865741,1.589882,0.50531366516,0.52447911818,0.336
245,1990-05-01,16.7,14.6,2.0496,1.1821,1.79,3.303695,1.360902,0.51820087437,0.52006986136,0.3225
246,1990-06-01,15.7,13.25,1.9654,1.1171,1.6005,3.092192,1.122307,0.52735835137,0.51389695228,0.286
247,1990-07-01,17.55,15.3,1.9103,1.1039,1.5945,3.068443,1.316561,0.61888640397,0.51632196363,0.2643
248,1990-08-01,27.05,25.0,2.0818,1.1856,1.738076,2.880244,1.262782,0.65019070611,0.512794575,0.241
249,1990-09-01,34.1,30.3,2.103,1.228,1.79421,2.802619,1.478987,0.64389488549,0.51213321591,0.243
250,1990-10-01,36.05,31.55,2.019,1.2392,1.821184,2.813694,1.604366,0.66624880585,0.51345601818,0.2164
251,1990-11-01,33.0,27.95,1.8678,1.2231,1.69526,2.254658,1.575517,0.6727193013,0.51036956364,0.2217
252,1990-12-01,28.0,23.25,1.9661,1.2447,1.683902,2.608696,1.521667,0.66014136828,0.49559856591,0.2147
253,1991-01-01,23.65,19.4,1.8945,1.1647,1.678834,2.522778,1.554415,0.66236786258,0.48060714318,0.1941
254,1991-02-01,19.4,14.45,1.9667,1.1435,1.642343,2.1815,1.481395,0.67333238723,0.47222956363,0.1876
255,1991-03-01,19.45,14.85,2.0628,1.1324,1.740283,2.06454,1.479775,0.62716890895,0.47245007273,0.2015
256,1991-04-01,19.25,15.35,2.0273,1.1229,1.634483,2.173848,1.47494,0.59940297044,0.46782039091,0.1875
257,1991-05-01,19.3,15.9,1.9375,1.0375,1.586256,2.647591,1.47815,0.59131915072,0.46914310909,0.1671
258,1991-06-01,18.2,15.4,1.891,1.0005,1.515269,2.482435,1.376949,0.56439244191,0.47178871364,0.2028
259,1991-07-01,19.45,16.25,1.8351,1.0005,1.230142,2.209798,1.356797,0.57598006033,0.46840530348,0.2273
260,1991-08-01,19.75,16.65,1.8027,0.99,1.232421,2.011312,1.349087,0.58836317667,0.47993695364,0.2086
261,1991-09-01,20.5,17.8,1.9193,1.0287,1.236162,2.028593,1.381346,0.60243787194,0.48620270866,0.2048
262,1991-10-01,22.2,18.95,1.7586,1.0115,1.249466,1.924474,1.410403,0.60201846734,0.48011616984,0.2011
263,1991-11-01,21.25,18.45,1.724,1.1112,1.209253,1.907981,1.384587,0.62123446422,0.47962090742,0.1903
264,1991-12-01,18.4,15.3,1.6612,1.1197,1.202926,1.802899,1.420983,0.63720703468,0.47348937532,0.1984
265,1992-01-01,18.15,15.2,1.6184,1.0765,1.267087,1.519852,1.454708,0.63332045674,0.47124753285,0.1833
266,1992-02-01,18.1,15.75,1.5091,0.9385,1.229947,1.416288,1.388091,0.6210387645,0.47576805341,0.1728
267,1992-03-01,17.6,15.8,1.5514,0.9389,1.341158,1.4017,1.393904,0.60272099317,0.47083670641,0.1812
268,1992-04-01,18.95,16.7,1.4533,0.9118,1.54378,1.484357,1.53262,0.6139681765,0.47099086094,0.2086
269,1992-05-01,19.9,17.6,1.3417,0.8307,1.572503,1.98146,1.632439,0.63283116539,0.46355814016,0.2114
270,1992-06-01,21.15,19.0,1.3027,0.8195,1.402295,1.971804,1.683557,0.64767133503,0.46048497335,0.2284
271,1992-07-01,20.25,18.5,1.2831,0.864,1.307172,2.029355,1.762384,0.67070742912,0.4649268608,0.2273
272,1992-08-01,19.75,17.8,1.1669,0.8565,1.58783,1.804944,1.795825,0.67770813036,0.46925866191,0.2162
273,1992-09-01,20.25,18.3,1.1735,0.9034,1.541156,1.652762,1.918955,0.65429695215,0.47511661807,0.2053
274,1992-10-01,20.3,18.25,1.3574,0.9742,1.600387,1.662418,1.893414,0.59695331791,0.47679919835,0.192
275,1992-11-01,19.2,17.1,1.4839,1.0509,1.536286,1.630745,1.817775,0.56998203632,0.47137099103,0.1889
276,1992-12-01,18.15,16.25,1.7016,1.1202,1.402072,1.728475,1.862866,0.61196534503,0.46471383657,0.1797
277,1993-01-01,17.4,15.2,1.5298,1.034,1.503645,1.870611,1.91,0.6322,0.4576,0.1817
278,1993-02-01,18.45,16.0,1.4914,1.0361,1.590484,2.167557,1.78,0.6117,0.4641,0.1887
279,1993-03-01,18.75,16.3,1.4026,1.0119,1.545754,1.696737,1.58,0.6294,0.4755,0.2341
280,1993-04-01,18.65,16.35,1.2758,0.9894,1.491452,1.769253,1.46,0.6637,0.4783,0.2458
281,1993-05-01,18.5,16.0,1.3708,1.0179,1.320317,1.853755,1.42,0.6559,0.4709,0.2608
282,1993-06-01,17.65,15.6,1.3779,1.0267,1.348695,1.981021,1.48,0.6372,0.4717,0.2291
283,1993-07-01,16.8,14.25,1.5831,1.0891,1.327859,1.953777,1.59,0.6129,0.4825,0.2134
284,1993-08-01,16.7,14.75,1.6958,1.2888,1.386884,1.841074,1.51,0.5957,0.4838,0.2059
285,1993-09-01,16.0,14.2,1.7807,1.3779,1.524164,1.718812,1.45,0.6086,0.4841,0.2103
286,1993-10-01,16.6,14.8,1.6896,1.299,1.486562,1.688556,1.54,0.6004,0.4822,0.2269
287,1993-11-01,15.15,13.7,1.7328,1.355,1.40598,1.764743,1.46,0.5912,0.4821,0.2231
288,1993-12-01,13.6,12.15,1.7921,1.3627,1.376271,1.830388,1.51,0.5949,0.4849,0.2319
289,1994-01-01,14.25,13.15,1.7405,1.3093,1.383476,1.740835,1.5,0.596,0.4851,0.2271
290,1994-02-01,13.8,12.8,1.8503,1.3404,1.4139,1.425247,1.61,0.5904,0.4835,0.2385
291,1994-03-01,13.95,12.25,1.9181,1.4265,1.399083,1.362973,1.66,0.5953,0.4839,0.2586
292,1994-04-01,15.15,13.8,1.9967,1.5833,1.27765,1.178814,1.58,0.592,0.4859,0.2427
293,1994-05-01,16.2,14.8,2.687,2.0933,1.178077,1.851132,1.54,0.6001,0.489,0.2553
294,1994-06-01,16.75,15.7,3.1621,2.4776,1.224481,1.633706,1.57,0.6088,0.495,0.2657
295,1994-07-01,17.6,16.4,4.8256,3.6155,1.216221,1.850783,1.71,0.6296,0.5007,0.2596
296,1994-08-01,16.8,15.85,4.4189,3.585,1.349189,1.731222,1.66,0.6345,0.4828,0.2668
297,1994-09-01,15.9,15.25,4.8943,4.0297,1.421099,1.62223,1.57,0.6466,0.4802,0.2777
298,1994-10-01,16.4,15.35,4.45,3.7352,1.430328,1.48069,1.6,0.6642,0.4745,0.2811
299,1994-11-01,17.2,15.95,4.0325,3.3803,1.349938,1.469853,1.46,0.6574,0.4756,0.3073
300,1994-12-01,15.96,14.7,3.7157,2.8601,1.327972,1.550269,1.39,0.6451,0.4919,0.3234
301,1995-01-01,16.63,16.08,3.8056,2.8999,1.364262,1.642469,1.38,0.6513,0.4995,0.3254
302,1995-02-01,17.08,16.64,3.7431,2.9694,1.377246,1.496595,1.3575,0.6504,0.4998,0.3177
303,1995-03-01,17.01,16.49,3.9558,3.2194,1.363096,1.344409,1.335,0.6799,0.4952,0.3217
304,1995-04-01,18.67,17.4,3.8449,3.1918,1.361928,1.394592,1.35,0.7008,0.5023,0.302
305,1995-05-01,18.38,17.25,3.7701,3.1063,1.308731,1.872288,1.302,0.7066,0.5093,0.2981
306,1995-06-01,17.35,16.24,3.4059,2.84,1.204146,1.979186,1.2925,0.7024,0.5187,0.3091
307,1995-07-01,15.86,14.97,3.2112,2.6403,1.222782,2.204687,1.282,0.7048,0.5402,0.2996
308,1995-08-01,16.07,15.37,3.3777,2.87,1.398069,1.876227,1.24,0.6937,0.5168,0.2862
309,1995-09-01,16.78,15.65,2.9643,2.5364,1.566794,1.777377,1.305,0.6883,0.5117,0.2577
310,1995-10-01,16.12,14.92,2.8058,2.4859,1.616761,1.787275,1.268,0.6978,0.5062,0.2604
311,1995-11-01,16.88,15.56,2.7613,2.4412,1.802234,1.842744,1.235,0.6953,0.4982,0.2641
312,1995-12-01,17.96,16.81,2.3422,2.0479,1.479748,1.690861,1.27,0.6845,0.5004,0.2714
313,1996-01-01,17.94,16.57,2.4394,1.9839,1.715647,1.475975,1.37,0.6865,0.4938,0.2762
314,1996-02-01,17.97,16.05,2.7357,2.1361,1.783177,1.423616,1.34,0.6892,0.4975,0.2824
315,1996-03-01,19.99,17.05,2.6641,2.0049,1.921497,1.411517,1.3667,0.685,0.4976,0.2846
316,1996-04-01,21.01,17.77,2.7227,1.9989,1.931025,1.745645,1.415,0.6797,0.498,0.2641
317,1996-05-01,19.12,16.99,2.8499,2.0106,1.839466,1.915514,1.425,0.6797,0.498,0.2511
318,1996-06-01,18.27,17.0,2.7659,1.8984,1.741527,1.849412,1.3975,0.6808,0.4958,0.2683
319,1996-07-01,19.61,17.79,2.7,1.7077,1.855392,2.14085,1.374,0.6969,0.4806,0.2824
320,1996-08-01,20.58,18.77,2.7827,1.7465,1.954701,1.821449,1.435,0.6766,0.4927,0.2727
321,1996-09-01,22.59,20.26,2.6169,1.6389,2.104617,1.678654,1.4472,0.6808,0.4932,0.2628
322,1996-10-01,24.18,21.71,2.7381,1.6076,2.141606,1.546468,1.491875,0.6923,0.493,0.2452
323,1996-11-01,22.64,20.87,2.7353,1.5476,1.856011,1.462395,1.5,0.7046,0.4877,0.2363
324,1996-12-01,23.9,21.65,2.5798,1.3902,1.824765,1.563411,1.513125,0.6455,0.4871,0.2368
325,1997-01-01,23.47,21.28,2.9291,1.4813,1.765621,1.618793,1.5725,0.6896,0.4824,0.2357
326,1997-02-01,20.83,18.6,3.7119,1.6623,1.817979,1.59689,1.6125,0.6541,0.4824,0.2383
327,1997-03-01,19.21,18.09,4.2924,1.7688,1.784457,1.63743,1.7925,0.6457,0.4808,0.2449
328,1997-04-01,17.47,16.77,4.5633,1.7062,1.917767,1.749072,1.9825,0.6336,0.4791,0.2491
329,1997-05-01,19.1425,18.455,5.8923,2.0635,1.982243,2.210377,1.99,0.6349,0.4784,0.2447
330,1997-06-01,17.55,17.34,4.8947,1.9564,2.019573,2.295695,1.932,0.6393,0.4769,0.252
331,1997-07-01,18.4,17.29,4.1978,1.756,1.953914,2.595415,2.0075,0.6329,0.4859,0.2474
332,1997-08-01,18.71,17.77,4.2064,1.6413,2.09584,2.431108,2.2075,0.599,0.4907,0.2579
333,1997-09-01,18.45,17.95,4.1859,1.6568,2.177891,2.374009,2.082,0.5828,0.4914,0.2498
334,1997-10-01,19.85,19.06,3.6963,1.6429,2.238921,2.376516,2.225,0.5944,0.4905,0.2509
335,1997-11-01,19.0,18.38,3.5333,1.6764,2.225626,2.388797,2.3825,0.6149,0.4828,0.2648
336,1997-12-01,17.0,16.18,3.9119,1.821,2.261597,2.465579,2.396667,0.6056,0.4824,0.2723
337,1998-01-01,15.09,13.4,3.9198,1.8389,2.377544,2.504986,2.55,0.5957,0.4817,0.254
338,1998-02-01,14.06,12.43,3.9282,1.8378,2.363436,2.37065,2.8075,0.5973,0.4804,0.2363
339,1998-03-01,13.08,11.53,3.4756,1.812,2.338199,2.079531,2.285,0.6052,0.4793,0.2169
340,1998-04-01,13.39,11.79,3.3146,1.9615,2.200361,2.443367,1.953333,0.6091,0.4881,0.2134
341,1998-05-01,14.39,12.79,3.0362,2.0005,2.214567,2.309527,1.5575,0.5911,0.4919,0.2035
342,1998-06-01,12.058,11.673,2.7542,1.8239,2.043,2.132187,1.558,0.5874,0.4945,0.1786
343,1998-07-01,12.01,11.977,2.5926,1.6984,1.9787,2.282383,1.6825,0.5835,0.4998,0.1901
344,1998-08-01,11.8805,12.181,2.7163,1.748,2.0287,2.12637,1.702,0.5783,0.4898,0.1882
345,1998-09-01,13.36,13.07,2.4659,1.7593,1.9104,2.0263,1.7525,0.5959,0.4835,0.1594
346,1998-10-01,12.56,12.81,2.4189,1.7703,1.8387,2.0017,1.7375,0.6078,0.4775,0.1645
347,1998-11-01,10.92,11.76,2.5655,1.7672,1.8761,1.9284,1.588,0.6076,0.4813,0.1777
348,1998-12-01,9.8,10.12,2.588,1.8532,1.726,1.7703,1.6133,0.6109,0.4892,0.1781
349,1999-01-01,11.06,10.78,2.4903,1.8142,1.7988,1.7348,1.75,0.6036,0.4941,0.1788
350,1999-02-01,10.2,10.05,2.3254,1.7467,1.5386,1.6621,1.77,0.5955,0.4925,0.1504
351,1999-03-01,12.47,12.37,2.3234,1.6186,1.4709,1.4709,1.888,0.5924,0.4969,0.1329
352,1999-04-01,15.3,14.96,2.2511,1.5282,1.4741,1.8076,1.8667,0.5889,0.4982,0.1195
353,1999-05-01,15.14,15.3,2.4487,1.4978,1.458,2.6012,1.71,0.5908,0.4993,0.1263
354,1999-06-01,15.77,15.52,2.3636,1.446,1.4434,2.2918,1.6775,0.5836,0.4989,0.1332
355,1999-07-01,19.01,17.88,2.0911,1.3572,1.6031,2.4138,1.665,0.5754,0.4982,0.1186
356,1999-08-01,20.22,19.34,2.0144,1.3905,1.678,2.1247,1.664,0.5875,0.4685,0.1263
357,1999-09-01,22.4,21.84,1.8587,1.3133,1.8387,2.2096,1.9775,0.5935,0.4436,0.147
358,1999-10-01,21.95,21.26,2.0768,1.2901,1.8664,2.306,1.995,0.6061,0.4284,0.1488
359,1999-11-01,24.59,23.05,2.4996,1.39,1.8396,2.21,1.812,0.5935,0.3836,0.1435
360,1999-12-01,25.59,23.63,2.7439,1.4725,1.7823,1.9823,1.8267,0.59,0.3896,0.1318
361,2000-01-01,25.38,23.28,2.4496,1.1724,1.8273,1.8612,1.876,0.6001,0.39,0.1241
362,2000-02-01,27.7048,24.6771,2.2805,1.0772,1.808,1.5236,2.105,0.5851,0.3765,0.1173
363,2000-03-01,27.47,25.08,2.2207,1.0196,1.8245,1.3671,2.0625,0.5778,0.4054,0.1127
364,2000-04-01,22.54,22.03,2.0858,0.98,1.8111,1.5254,2.03,0.5794,0.4279,0.1325
365,2000-05-01,27.34,25.39,2.0756,0.9771,1.7102,2.2003,2.01,0.5547,0.4215,0.1526
366,2000-06-01,29.6773,27.3241,1.9057,0.9409,1.5749,1.9693,2.0475,0.5514,0.4203,0.1845
367,2000-07-01,28.53,26.0271,1.9257,0.8999,1.6748,2.3602,2.11,0.5515,0.4151,0.2125
368,2000-08-01,29.43,27.0504,1.6958,0.8433,1.7564,1.9974,2.1,0.5507,0.4163,0.2302
369,2000-09-01,32.621,29.7415,1.6707,0.8561,1.8756,1.9003,2.1075,0.5245,0.4314,0.2211
370,2000-10-01,30.9323,30.2223,1.6901,0.7967,1.9144,1.7951,1.966,0.5307,0.476,0.237
371,2000-11-01,32.52409090909,30.10090909091,1.5772,0.7233,1.8724,1.5786,2.005,0.5213,0.4799,0.2189
372,2000-12-01,25.1255,22.086,1.4586,0.6698,1.8705,1.5937,1.9233,0.5346975117,0.4708,0.2209
373,2001-01-01,25.63636363636,22.68545454545,1.4546,0.7143,1.8511,1.8123,1.872,0.53021111,0.4731,0.2275
374,2001-02-01,27.406,24.742,1.4813,0.6962,1.7851,1.6055,1.7225,0.531533882,0.4749,0.2176
375,2001-03-01,24.39545454545,23.43363636364,1.4661,0.6729,1.7584,1.3017,1.6725,0.5283922985,0.4751,0.2044
376,2001-04-01,25.641,24.0925,1.4579,0.6281,1.6529,1.7048,1.435,0.56029976376,0.4741,0.1939
377,2001-05-01,28.45047619048,25.58,1.526,0.6512,1.4877,1.8317,1.4625,0.5212383066,0.4707,0.2113
378,2001-06-01,27.72428571429,25.61380952381,1.4088,0.6431,1.4448,1.9564,1.425,0.51205826892,0.4639,0.1993
379,2001-07-01,24.53818181818,23.43,1.2946,0.6047,1.4357,2.0809,1.536,0.5169392976,0.4632,0.1938
380,2001-08-01,25.69782608696,24.32043478261,1.3166,0.5692,1.518,1.7493,1.475,0.525360946,0.4694,0.1788
381,2001-09-01,25.544,23.964,1.2802,0.5351,1.5812,1.6136,1.3875,0.53478128726,0.4709,0.1662
382,2001-10-01,20.47826086957,19.54173913043,1.2434,0.5124,1.6074,1.3734,1.382,0.530652034,0.4664,0.1497
383,2001-11-01,18.94227272727,17.53227272727,1.2974,0.5221,1.6679,1.4142,1.4025,0.52611272142,0.4702,0.1695
384,2001-12-01,18.60473684211,17.642,1.2505,0.5368,1.6091,1.49,1.4275,0.52622956628,0.4724,0.1727
385,2002-01-01,19.485,18.29181818182,1.2842,0.5029,1.6557,1.2904,1.4575,0.524038174,0.4674,0.1713
386,2002-02-01,20.2915,18.91105263158,1.3034,0.5373,1.7024,1.1568,1.505,0.520069858,0.4604,0.1437
387,2002-03-01,23.6905,22.8545,1.4213,0.6415,1.7,1.0256,1.54,0.520069858,0.4456,0.1477
388,2002-04-01,25.65409090909,24.40545454545,1.4425,0.6468,1.5977,1.3457,1.49,0.52690418,0.4344,0.1519
389,2002-05-01,25.38727272727,24.5852173913,1.3536,0.6243,1.4779,1.5164,1.39,0.5336723634,0.4371,0.134
390,2002-06-01,24.12789473684,23.82777777778,1.2912,0.6266,1.4256,1.7354,1.4525,0.54264296218,0.4407,0.1268
391,2002-07-01,25.76782608696,24.57260869565,1.2452,0.6305,1.3913,1.8611,1.48,0.56803797996,0.457,0.1409
392,2002-08-01,26.63285714286,25.32409090909,1.1964,0.6146,1.5012,1.5569,1.495,0.561737176,0.461,0.1387
393,2002-09-01,28.34238095238,26.83,1.3375,0.7072,1.6097,1.5595,1.5625,0.5685935442,0.4744,0.1534
394,2002-10-01,27.54869565217,26.18086956522,1.4491,0.7348,1.6113,1.5699,1.545,0.5693651612,0.4813,0.1656
395,2002-11-01,24.18476190476,23.15952380952,1.5404,0.8358,1.5367,1.5154,1.515,0.5751192194,0.4916,0.1726
396,2002-12-01,28.52095238095,25.70428571429,1.4145,0.8391,1.5347,1.4336,1.4725,0.57981506,0.4856,0.1753
397,2003-01-01,31.24666666667,28.05476190476,1.445569,0.9078625,1.59268,1.453995,1.5075,0.589956312,0.4859927,0.1805584
398,2003-02-01,32.6485,30.199,1.464088,0.896619,1.48862,1.500481,1.43,0.58979537474,0.4890215,0.1986363
399,2003-03-01,30.33904761905,27.42285714286,1.361353,0.8194572,1.465689,1.210824,1.5075,0.57875243316,0.490528,0.1814402
400,2003-04-01,25.016,23.43047619048,1.426169,0.8249688,1.433609,1.386945,1.5025,0.5757585592,0.4818798,0.1708581
401,2003-05-01,25.8095,24.25285714286,1.460781,0.8333463,1.444441,1.420252,1.5225,0.59338153418,0.4816465,0.1580713
402,2003-06-01,27.54571428571,25.49571428571,1.3457,0.7542005,1.431108,1.540951,1.5025,0.607152348,0.4767333,0.1483709
403,2003-07-01,28.39826086957,26.62695652174,1.387808,0.7793332,1.4943,1.840725,1.546,0.59414509,0.4706864,0.150796
404,2003-08-01,29.82571428571,27.61714285714,1.408532,0.800277,1.5542,1.494868,1.55,0.5828353894,0.4685762,0.1505755
405,2003-09-01,27.09818181818,25.265,1.464099,0.8234256,1.610164,1.397586,1.575,0.588413078,0.4666341,0.1318363
406,2003-10-01,29.59043478261,27.13130434783,1.417571,0.7910177,1.675595,1.454588,1.67,0.612663898,0.463507,0.1320567
407,2003-11-01,28.772,27.504,1.373037,0.7519958,1.672971,1.39911,1.6225,0.613325284,0.4595898,0.1340409
408,2003-12-01,29.92666666667,27.85761904762,1.429917,0.7914586,1.629681,1.482222,1.5875,0.639560262,0.4497425,0.138383
409,2004-01-01,31.17523809524,28.68476190476,1.603420126,0.878320608,1.64071516848,1.35156989153,1.63,0.665574778,0.45123930095,0.128088422
410,2004-02-01,30.866,28.398,1.680140902,0.81681171,1.66252477272,1.3828727439,1.6475,0.68278985589,0.45516120389,0.128749808
411,2004-03-01,33.79913043478,30.4647826087,1.720926372,0.80909554,1.72020568011,1.22715195891,1.592,0.66826711691,0.46581703539,0.142418452
412,2004-04-01,33.36227272727,31.06666666667,1.663165328,0.801820294,1.72282557679,1.75876917284,1.54,0.65974445741,0.46398852448,0.145063996
413,2004-05-01,37.91631578947,34.47238095238,1.697336938,0.806009072,1.71572338035,1.7676737546,1.5225,0.65361912374,0.4575578579,0.139772908
414,2004-06-01,35.19136363636,33.40590909091,1.812418102,0.878981994,1.53227607219,1.98183491923,1.505,0.66819166194,0.441585386,0.152780166
415,2004-07-01,38.37045454545,34.48363636364,1.652142228,0.794104124,1.62971663486,1.9805141214,1.5325,0.67328674099,0.44888162838,0.174385442
416,2004-08-01,43.03,38.29857142857,1.622820782,0.747586642,1.81812905379,1.92506214611,1.574,0.66526790092,0.44312862,0.166969902
417,2004-09-01,43.38136363636,35.47863636364,1.774057714,0.754861888,1.88855828081,1.89118423536,1.635,0.65547411346,0.45366880324,0.169535278
418,2004-10-01,49.8180952381,37.57904761905,1.77582141,0.698203154,1.99650553739,1.86551108801,1.51,0.6603098717,0.47150522886,0.18629039
419,2004-11-01,43.05363636364,34.8765,1.990110474,0.721131202,2.03555739551,1.85731271926,1.4525,0.678582036,0.45064532438,0.179896992
420,2004-12-01,39.64428571429,34.2615,2.295450344,0.809536464,2.00850073225,1.66999631806,1.51,0.70514239334,0.45296542448,0.18188115
421,2005-01-01,44.28333333333,37.8135,2.362470792,0.814827552,1.95258635397,1.38904124616,1.508,0.68673678713,0.4546587826,0.192242864
422,2005-02-01,45.557,40.935,2.664503732,0.909185288,1.91113187723,1.37990246583,1.4825,0.69016270152,0.448860632,0.20062042
423,2005-03-01,53.08409090909,45.57636363636,2.976898386,1.091507362,1.94135333809,1.33760585946,1.4875,0.69675992173,0.454181783,0.195770256
424,2005-04-01,51.85714285714,47.10142857143,2.855644286,1.11884465,1.88550020958,1.83282580268,1.4675,0.69274436837,0.46769438571,0.189376858
425,2005-05-01,48.66590909091,45.0,2.830070694,1.236130434,1.76026437012,1.65297047232,1.41,0.67915527359,0.48262281257,0.189376858
426,2005-06-01,54.30681818182,50.975,2.671117592,1.323212924,1.64917395044,1.88811060458,1.3925,0.66501196281,0.482591318,0.19951811
427,2005-07-01,57.57904761905,52.85238095238,2.423538766,1.276034056,1.64326527438,1.98305423426,1.4525,0.64011217641,0.4835944201,0.212525368
428,2005-08-01,64.09,56.62590909091,2.38539884,1.145741014,1.75583259905,1.70673842832,1.496,0.65569016511,0.45169788209,0.218918766
429,2005-09-01,62.98181818182,56.54318181818,2.193376438,1.033305394,1.88531809673,1.56763403277,1.5225,0.66119948217,0.4666130721,0.227296322
430,2005-10-01,58.5219047619,53.66952380952,2.31595331,1.047855886,1.96175377912,1.57370740142,1.536,0.644856085,0.47885396219,0.245153744
431,2005-11-01,55.535,51.31047619048,2.375257588,1.13427699,1.87771255653,1.60214809438,1.465,0.63447555507,0.4770026063,0.250885756
432,2005-12-01,56.7475,53.12714285714,2.331826574,1.243185218,1.89113930006,1.53612758014,1.51,0.63816006666,0.48281178,0.293434922
433,2006-01-01,63.57428571429,58.31333333333,2.73813804,1.397508618,1.89495973453,1.51239343672,1.68,0.64580671225,0.5154291329,0.34722765
434,2006-02-01,59.923,57.5765,2.626143344,1.388469676,1.94633285956,1.4560900317,2.3525,0.6391706898,0.531974806,0.397713448
435,2006-03-01,62.25304347826,57.6452173913,2.505771092,1.31395352,1.9403188578,1.34366111679,1.96,0.63744326654,0.508385372,0.380076488
436,2006-04-01,70.44210526316,64.05684210526,2.544572404,1.33489741,1.88808507309,1.84963536777,1.96333333333,0.64590118851,0.51997703189,0.385588038
437,2006-05-01,70.18727272727,64.90739130435,2.410972432,1.324535696,1.7460009102,1.85297701407,2.07,0.68359074273,0.516642676,0.370817084
438,2006-06-01,68.85772727273,65.08090909091,2.27406553,1.327842626,1.74106319921,2.07163321605,2.125,0.67401633079,0.514167489,0.33951148
439,2006-07-01,73.89714285714,69.04904761905,2.314851,1.421759438,1.83263203015,2.03223725407,2.15,0.63012456,0.4917184448,0.35384151
440,2006-08-01,73.61217391304,68.78173913043,2.463221926,1.622379858,1.89781232897,1.87825935611,2.0875,0.6364656,0.47150112087,0.29797835626
441,2006-09-01,62.7719047619,59.77285714286,2.421334146,1.699982482,1.99604264885,1.85786662619,1.8675,0.63229865143,0.4665306613,0.266318096
442,2006-10-01,58.38,56.50095238095,2.438971106,1.657212854,1.98287255601,1.83924439831,1.736,0.62651673818,0.447948721,0.256617768
443,2006-11-01,58.48318181818,56.81545454545,2.695588874,1.692927698,1.92753785838,1.70753728515,1.7225,0.63994840364,0.4356108658,0.259704236
444,2006-12-01,62.31473684211,58.6695,2.831613928,1.690282154,2.12296761576,1.64894868319,1.71333333333,0.65641138105,0.4318630118,0.255074534
445,2007-01-01,54.29909090909,52.01181818182,2.745413286,1.744515806,2.09345272302,1.56988795761,1.7,0.64573416,0.4390390499,0.24140589
446,2007-02-01,57.757,55.6805,2.690297786,1.743413496,2.27756880734,1.40835214447,1.65,0.649526256,0.45692489989,0.233028334
447,2007-03-01,62.14363636364,59.05409090909,2.581169096,1.6975574,2.42113553127,1.26551657562,1.63,0.65785578545,0.45916222,0.230162328
448,2007-04-01,67.39842105263,63.838,2.52649452,1.754436596,2.34303556928,2.01180374496,1.5875,0.67148272421,0.4608978572,0.214289064
449,2007-05-01,67.47608695652,64.5447826087,2.496511688,1.849896642,2.27678142123,1.99736876512,1.55,0.67124228727,0.463210704,0.207895666
450,2007-06-01,71.31619047619,65.75619047619,2.630773046,2.043241816,2.31339900297,2.25044158775,1.6575,0.66663462857,0.47010896952,0.204809198
451,2007-07-01,77.20409090909,69.45909090909,2.593294506,2.039493962,2.4856505459,2.26739640344,1.636,0.68139055636,0.46557375124,0.224430316
452,2007-08-01,70.79652173913,67.20565217391,2.715871378,1.927719728,2.54607041236,2.047339873,1.6125,0.67667321455,0.48060716,0.216273222
453,2007-09-01,77.127,73.254,2.822795448,2.045446436,2.60806537567,2.02463235294,1.765,0.690375636,0.46307462937,0.215170912
454,2007-10-01,82.85782608696,77.14,2.960584198,2.00840882,2.90050722694,2.09562986325,1.75,0.70682112,0.44707776539,0.220462
455,2007-11-01,92.52818181818,86.73136363636,2.8880522,2.041257658,2.91316303297,1.99830072156,1.7075,0.72930003429,0.4417507325,0.22266662
456,2007-12-01,91.45,85.75315789474,3.033116196,2.014802218,3.08663577527,2.11817889098,1.73333333333,0.72391942588,0.44551889221,0.235232954
457,2008-01-01,91.92045454545,87.17363636364,3.083381532,2.187203502,3.05267028729,1.93636707668,2.1425,0.73118572364,0.44618359343,0.263893014
458,2008-02-01,94.81666666667,89.96210526316,3.467646798,2.54523379,3.04256443001,1.73129031847,2.41666666667,0.73269956571,0.444010468,0.297844162
459,2008-03-01,103.2775,96.7785,3.304504918,2.687872704,3.06109700108,1.63170053426,2.095,0.7714,0.45525403,0.29100984
460,2008-04-01,110.18772727273,103.46863636364,3.10190034,2.453521598,2.91624925794,2.35240276429,2.195,0.78220450286,0.451576323,0.276900272
461,2008-05-01,123.93619047619,118.94863636364,3.12945809,2.400390256,2.93651906909,2.37225670912,2.1425,0.77287176,0.45928533514,0.266097634
462,2008-06-01,133.04857142857,127.58761904762,3.22205213,2.454623908,3.10126106773,2.59645025689,2.31,0.77266121143,0.47946285724,0.267420406
463,2008-07-01,133.87304347826,131.2247826087,3.248728032,2.540383626,3.12036180262,2.74459353982,2.4125,0.78317064,0.52379767,0.313717426
464,2008-08-01,113.84904761905,113.21095238095,3.228225066,2.481520272,2.99641936841,2.62978018792,2.6,0.74397692571,0.5126791319,0.322094982
465,2008-09-01,99.06409090909,95.96954545455,3.158559074,2.323228556,2.98045665267,2.45351593363,2.572,0.71387676,0.50924622362,0.298285086
466,2008-10-01,72.84260869565,68.62086956522,2.724689858,1.957041174,2.36712246885,2.32274307768,2.225,0.52608921391,0.47192287426,0.26234978
467,2008-11-01,53.241,51.3835,2.687211318,2.000913112,1.97986455161,2.19465785297,1.7275,0.5027926035,0.43362554747,0.266979482
468,2008-12-01,41.58090909091,40.99681818182,2.622836414,1.819031962,1.9164806479,2.0890576352,1.7725,0.5301947145,0.435943563,0.25904285
469,2009-01-01,44.86,44.96714285714,2.82852746,1.824102588,2.45943677322,1.90551481054,2.1925,0.5230983615,0.4441758145,0.277561658
470,2009-02-01,43.2425,43.138,2.854541976,1.768546164,2.54270987133,1.7453506751,2.1175,0.504867803,0.43494831947,0.292553074
471,2009-03-01,46.83909090909,45.57590909091,2.833377624,1.682345522,2.8473854739,1.67037253755,2.138,0.51533732,0.435482597,0.29541908
472,2009-04-01,50.84523809524,50.18,2.973591456,1.665149486,2.87293988209,2.44382000032,2.21,0.520884947,0.468261288,0.30093063
473,2009-05-01,57.94095238095,57.39571428571,3.328755738,1.667133644,2.96466765651,2.89369308114,2.2225,0.53835024571,0.4767600981,0.353621048
474,2009-06-01,68.61681818182,69.21090909091,3.302300298,1.626789098,3.13644330803,2.80066815145,2.4075,0.55350979,0.49153005,0.362219066
475,2009-07-01,64.91,64.96956521739,3.10630958,1.580271616,3.46032776556,2.74399734475,2.6725,0.5563231013,0.507393293,0.406311466
476,2009-08-01,72.50476190476,71.32428571429,3.301638912,1.59504257,3.45763709385,2.70531820882,2.814,0.56344332,0.57464995029,0.494716728
477,2009-09-01,67.68681818182,67.90818181818,3.274522086,1.627450484,3.76446018223,2.74166699354,2.965,0.54300342,0.63736614019,0.508385372
478,2009-10-01,73.19409090909,73.27545454545,3.407681134,1.620616162,3.52390338996,2.94363788524,2.6125,0.48781481818,0.677780356,0.499125968
479,2009-11-01,77.03666666667,77.62523809524,3.355652102,1.531769976,3.34950667805,2.91228070175,2.906,0.49634818182,0.7024580706,0.490748412
480,2009-12-01,74.66954545455,75.48863636364,3.4868159689,1.5407207332,3.26709531022,2.67697834012,2.97666666667,0.48924128261,0.734208607,0.518747086
481,2010-01-01,76.373,76.635,3.50314118,1.544997696,3.41052368679,2.43771761059,2.845,0.47811535,0.86769201895,0.583562914
482,2010-02-01,74.312,73.56388888889,3.480213132,1.496496056,3.32142005883,2.29472561726,2.9375,0.45847095,0.88740596305,0.559753018
483,2010-03-01,79.2747826087,77.36782608696,3.6265999,1.48260695,3.32195930053,1.7422360931,2.8,0.4547158913,0.77412834974,0.411382092
484,2010-04-01,84.97857142857,83.09238095238,3.731098888,1.576744224,3.26639387447,2.45334640226,2.60333333333,0.44978851136,0.68384162943,0.36265999
485,2010-05-01,76.25095238095,76.874,3.820165536,1.556682182,3.21856280846,2.84798728698,2.33,0.42097695238,0.6810622335,0.33510224
486,2010-06-01,74.83818181818,73.98318181818,4.20861958,1.695793704,3.00076145372,2.91838246866,2.235,0.40909210227,0.723736662,0.350093656
487,2010-07-01,74.73545454545,72.65227272727,4.480008302,1.879879474,3.04464464252,3.23265462124,2.315,0.42774931818,0.73277369524,0.384926652
488,2010-08-01,76.69318181818,74.18380952381,4.664755458,1.822779816,3.26955247269,3.20259716716,2.508,0.432057875,0.771727231,0.408075162
489,2010-09-01,77.78681818182,75.27047619048,4.909909202,1.791915136,3.34880855073,3.18176966708,2.4575,0.43901111905,0.841503454,0.496259962
490,2010-10-01,82.9180952381,80.34047619048,4.798134968,1.879879474,3.37241399687,3.24677520817,2.485,0.45409956305,0.84287871695,0.542556982
491,2010-11-01,85.67,83.696,5.147346776,2.029132248,3.39794202704,3.16575237985,2.5175,0.44547608182,0.85621141886,0.58091737
492,2010-12-01,91.79652173913,89.07454545455,5.471205454,2.074326958,3.50276276276,2.93747947564,2.68666666667,0.43194375165,0.846854668,0.616872718
493,2011-01-01,96.29428571429,92.369,5.815126174,2.228650358,3.55880235112,2.61175177578,2.892,0.43668458476,0.84793166179,0.652787982
494,2011-02-01,103.9555,100.25444444444,6.346880518,2.41075197,3.55939696316,2.2994269341,2.7875,0.4461348424,0.873911368,0.649701514
495,2011-03-01,114.44130434783,108.57826086957,6.439033634,2.604317606,3.57092333587,1.96478616833,2.7375,0.45777464765,0.87509036043,0.578492288
496,2011-04-01,123.07,115.7,6.616505544,2.587562494,3.37234500539,3.02599699041,2.66666666667,0.47256886362,0.8427711105,0.537045432
497,2011-05-01,114.45818181818,108.4645,6.417428358,2.689195476,3.10029597924,3.13645766301,2.616,0.46787650743,0.781758252,0.48391409
498,2011-06-01,113.75772727273,107.52454545455,6.062264076,2.60034929,3.11777169792,3.22847246443,2.7075,0.47025827491,0.783932809,0.555784702
499,2011-07-01,116.46,109.98333333333,5.908822524,2.485268126,3.09573985429,3.41229452826,2.795,0.46669544876,0.8362013429,0.622143764
500,2011-08-01,110.08130434783,105.05666666667,5.962174328,2.470717634,3.15671145664,3.11417914479,2.795,0.468172744,0.88025683948,0.61178205
501,2011-09-01,110.87909090909,106.00181818182,6.060059456,2.338219972,3.13785456326,2.85630841407,2.6675,0.44907937455,0.8852599119,0.587751692
502,2011-10-01,109.46857142857,103.6685,5.463489284,2.16273222,3.23417891394,2.78261042682,2.692,0.4482230381,0.8284080112,0.56107579
503,2011-11-01,110.50409090909,108.58761904762,5.403303158,2.143772488,3.15501105003,2.54896742077,2.6575,0.44259641636,0.83607588952,0.529549724
504,2011-12-01,107.90904761905,106.21857142857,5.218556002,2.169566542,3.11060536733,2.36137035401,2.61333333333,0.42934179127,0.79828240381,0.507944448
505,2012-01-01,111.15619047619,109.78052631579,5.229508955,2.132308464,3.05757403868,2.28034240748,2.632,0.42159415527,0.7648488166,0.519408472
506,2012-02-01,119.70238095238,116.14619047619,4.941876192,2.247169166,2.96994962524,2.0940402513,2.6375,0.43228146743,0.7414467753,0.531754344
507,2012-03-01,124.92863636364,122.27590909091,4.437018212,2.283324934,2.75423358245,1.78596820409,2.7325,0.431500056,0.763530053,0.53131342
508,2012-04-01,120.4635,117.25,4.22074499,2.24430316,3.20417831324,2.38807385065,2.782,0.42987269867,0.7025572785,0.50155105
509,2012-05-01,110.52173913044,107.05454545455,4.07083083,2.356297856,3.02418604651,3.18312142989,2.7975,0.4182515168,0.66579524,0.458781422
510,2012-06-01,95.58904761905,94.23619047619,3.718973478,2.33028334,2.91231787357,3.12499218082,2.88,0.4097542701,0.6306368001,0.451285714
511,2012-07-01,103.14090909091,99.22,4.19869879,2.360266172,2.98983723063,3.11024673773,2.988,0.40143723927,0.63230601238,0.504417056
512,2012-08-01,113.34,108.37047619048,3.85421253704,2.34838039461,3.06582246362,3.20355056622,3.0825,0.40505721496,0.6336173733,0.460324656
513,2012-09-01,113.3825,110.9645,3.945828876,2.31374869,3.18797649226,3.08916481146,3.035,0.42040518,0.57904924463,0.44065712495
514,2012-10-01,111.97347826087,108.73272727273,3.821047384,2.303166514,3.15898193463,2.98876652923,2.88,0.42354051096,0.52540103,0.44778707791
515,2012-11-01,109.71181818182,107.13333333333,3.525407842,2.153252354,3.11612345158,2.89231969671,3.0425,0.41925182945,0.49645942762,0.42635251162
516,2012-12-01,109.6765,105.689,3.367336588,2.129442458,3.31013641601,2.86223414447,3.07666666667,0.42867686705,0.4920270916,0.425712122
517,2013-01-01,112.97363636364,107.58272727273,3.467646798,2.197785678,3.33770742452,2.62040112868,3.052,0.434390112,0.47559952314,0.416101983
518,2013-02-01,116.5195,111.09333333333,3.295025052,2.293466186,3.33160514514,2.53133879325,2.9125,0.4355967512,0.45716470067,0.40283306556
519,2013-03-01,109.24,105.415,3.302079836,2.342629212,3.48250233346,2.55131429871,2.655,0.42310513143,0.45945441126,0.40773866737
520,2013-04-01,102.87545454546,101.66136363636,3.302741222,2.241657616,3.39119915918,2.90872337174,2.3675,0.425360728,0.448058952,0.392512549
521,2013-05-01,103.02695652174,100.31476190476,3.24489391026,2.18643667765,3.29168896974,3.18423511609,2.3875,0.42381737704,0.430191509,0.38851417
522,2013-06-01,103.11,100.3285,3.0480965889,2.0014752901,3.17273419352,3.02538788835,2.3075,0.4310828756,0.4225925847,0.3768356966
523,2013-07-01,107.71608695652,103.36217391304,3.05091610617,2.09895160487,3.17334128424,3.0382083382,2.284,0.42762819026,0.423667838,0.371187861
524,2013-08-01,110.96454545455,106.962,2.979634119,2.072583304,3.36037372753,2.70633806153,2.28,0.43495417018,0.450564202,0.37548687
525,2013-09-01,111.62142857143,108.40476190476,2.91630283057,1.93514194867,3.59112423802,2.5489598961,2.12,0.43634169676,0.4641717179,0.3835928569
526,2013-10-01,109.47869565217,106.30227272727,2.83734594,1.84526694,3.7745898512,2.61874436523,2.0,0.445395184,0.47967738548,0.41145877443
527,2013-11-01,108.07619047619,105.85380952381,2.69003533124,1.75721861648,3.72303055611,2.5234051963,2.09,0.44078291276,0.4594097387,0.38937788476
528,2013-12-01,110.674,107.91952380952,2.777159814,1.937640518,3.80675806449,2.55211161825,2.33,0.44749630073,0.43545444276,0.36489610457
529,2014-01-01,107.42,104.01,2.926192126,1.934113126,3.89903534357,2.16166503291,2.5625,0.4448457113,0.446876474,0.344582106
530,2014-02-01,108.81,104.94,3.828102168,2.11423058,3.6535768878,1.85150220385,2.222,0.446113616,0.47730023,0.366187382
531,2014-03-01,107.4,104.15,4.719870958,2.323008094,3.59373803874,1.80283260114,2.09,0.451403888,0.485677786,0.39462698
532,2014-04-01,107.79,104.73,4.926884776,2.32697641,3.54786053276,2.37804666012,2.08666666667,0.45114264,0.536384046,0.39132005
533,2014-05-01,109.68,105.6,4.72229604,2.270538138,3.66513990034,2.98165601318,1.9625,0.44869344,0.543659292,0.402784074
534,2014-06-01,111.87,108.01,4.362722518,2.180589642,3.57636224098,3.0611578824,1.905,0.443827696,0.56548503,0.400579454
535,2014-07-01,106.98,105.76,4.34089678,2.244082698,3.50965067179,3.28846803743,2.095,0.442260208,0.546304836,0.402563612
536,2014-08-01,101.92,101.85,4.695179214,2.21013155,3.48655913978,2.86030260869,2.03,0.434879952,0.565264568,0.379635564
537,2014-09-01,97.34,96.99,4.641386486,2.216084024,3.36786920479,2.64524926277,1.892,0.421556304,0.559091632,0.353400586
538,2014-10-01,87.27,86.57,4.966788398,2.30823714,3.42273249139,2.61180962433,1.9125,0.413784176,0.582240142,0.36927385
539,2014-11-01,78.44,76.73,4.616033356,2.272081372,3.332729146,2.70515313563,1.9025,0.407350944,0.534840812,0.356927978
540,2014-12-01,62.33,60.52,4.339133084,2.197344754,3.36962734339,2.62381441575,1.88,0.402289264,0.546966222,0.337968246
541,2015-01-01,48.07,45.98,4.188778,2.160748062,3.24,2.28363643372,2.32,0.380311776,0.556446088,0.338188708
542,2015-02-01,57.93,55.83,3.943844718,2.168464232,3.11,1.83582972332,2.4175,0.370874192,0.542777444,0.321654058
543,2015-03-01,55.79,54.91,3.543706188,2.031777792,3.08,1.42405004206,2.724,0.353795104,0.530652034,0.290127992
544,2015-04-01,59.39,58.8,3.6155768,2.029573172,3.01,2.12612974557,2.7675,0.352456208,0.537706818,0.288364296
545,2015-05-01,64.56,63.69,3.493881776,1.930365272,2.97,2.5956601558,3.0925,0.36460424,0.542556982,0.294096308
546,2015-06-01,62.34,61.78,3.522100912,1.98966955,3.01,2.71221040861,3.268,0.366171728,0.545863912,0.274695652
547,2015-07-01,55.87,56.25,3.40503559,1.920664944,3.04,2.85692965093,3.3925,0.359346624,0.543879754,0.282852746
548,2015-08-01,46.99,47.22,3.459489704,1.891123036,2.91,2.7972891793,3.17,0.363689872,0.5401319,0.2535313
549,2015-09-01,47.24,46.15,3.22205213,1.7967653,2.65,2.59216111453,3.1025,0.366694224,0.533738502,0.261467932
550,2015-10-01,48.12,46.55,3.37858015,1.824984436,2.81,2.53712262759,3.24,0.366955472,0.552036848,0.306662642
551,2015-11-01,44.42,42.22,3.262396676,1.802056388,2.92,2.48965555804,3.055,0.350692784,0.566146416,0.32077221
552,2015-12-01,37.72,34.77,3.277388092,1.747822736,2.95,2.45054301293,3.02666666667,0.355068688,0.569453346,0.322756368
